flux0_1,flux0_2,flux2_1,flux2_2,id,x,y,z
0.026422400805786,0.0055857631271551,-5.7142959084216e-05,9.7601888637255e-06,0,0,10.71,0
0.02642025226588,0.0055881526501096,-5.6951698278304e-05,9.8150503459691e-06,0.16105263157895,0.16105263157895,10.71,0
0.026418103725974,0.005590542173064,-5.676043747239e-05,9.869911828213e-06,0.32210526315789,0.32210526315789,10.71,0
0.026414833180696,0.005594577185192,-5.6410139290159e-05,9.9455097253742e-06,0.48315789473684,0.48315789473684,10.71,0
0.026408934347145,0.005602415082363,-5.5689396056557e-05,1.0067817762931e-05,0.64421052631579,0.64421052631579,10.71,0
0.026401967535807,0.0056111639312022,-5.4843895302021e-05,1.0186209496464e-05,0.80526315789474,0.80526315789474,10.71,0
0.02639206337234,0.0056246531234003,-5.3174544043978e-05,1.0135365342962e-05,0.96631578947368,0.96631578947368,10.71,0
0.026380966709958,0.0056400667884115,-5.1170728006484e-05,1.0015815224735e-05,1.1273684210526,1.1273684210526,10.71,0
0.02636892995723,0.00565670669383,-4.8826514515205e-05,9.7326595150389e-06,1.2884210526316,1.2884210526316,10.71,0
0.026352506116223,0.0056790690544834,-4.4893779572913e-05,8.6860110451404e-06,1.4494736842105,1.4494736842105,10.71,0
0.026336082275216,0.0057014314151368,-4.0961044630621e-05,7.639362575242e-06,1.6105263157895,1.6105263157895,10.71,0
0.026316162569536,0.0057300190608903,-3.4772468443197e-05,4.9726244938446e-06,1.7715789473684,1.7715789473684,10.71,0
0.026292166973861,0.0057656216763796,-2.5953641160729e-05,3.0862990200707e-07,1.9326315789474,1.9326315789474,10.71,0
0.02626718879723,0.0058022426537035,-1.6500386220734e-05,-5.1366113202683e-06,2.0936842105263,2.0936842105263,10.71,0
0.026230042493548,0.0058628268803011,4.0829535113453e-06,-2.2829552835585e-05,2.2547368421053,2.2547368421053,10.71,0
0.026191357145091,0.0059264420181816,2.6074044721149e-05,-4.2071603680107e-05,2.4157894736842,2.4157894736842,10.71,0
0.026155330925762,0.0059841332445491,4.5921309196488e-05,-6.0259194005014e-05,2.5768421052632,2.5768421052632,10.71,0
0.026124179776498,0.0060309639664762,6.1838224658717e-05,-7.6513606710694e-05,2.7378947368421,2.7378947368421,10.71,0
0.026093028627234,0.0060777946884034,7.7755140120946e-05,-9.2768019416374e-05,2.8989473684211,2.8989473684211,10.71,0
0.02607181917939,0.0061007418260006,8.4502482233914e-05,-9.9347973182325e-05,3.06,3.06,10.71,0
0.026057276437912,0.0061077785984891,8.5168740837213e-05,-9.9989218544527e-05,3.2210526315789,3.2210526315789,10.71,0
0.026050394056855,0.0060965856673618,7.8851466060445e-05,-9.3911346385039e-05,3.3821052631579,3.3821052631579,10.71,0
0.026054481915285,0.0060591660915473,6.2377331830745e-05,-7.7144300892683e-05,3.5431578947368,3.5431578947368,10.71,0
0.026058569773715,0.0060217465157327,4.5903197601044e-05,-6.0377255400327e-05,3.7042105263158,3.7042105263158,10.71,0
0.026066025593241,0.0059765696410458,2.6755884597048e-05,-4.242999287867e-05,3.8652631578947,3.8652631578947,10.71,0
0.026076475155963,0.0059244973895836,5.2324126826248e-06,-2.3433648553239e-05,4.0263157894737,4.0263157894737,10.71,0
0.026086924718686,0.0058724251381214,-1.6291059231798e-05,-4.4373042278088e-06,4.1873684210526,4.1873684210526,10.71,0
0.026085568949729,0.005843540406577,-2.7253156568784e-05,3.3591201294767e-06,4.3484210526316,4.3484210526316,10.71,0
0.026081000050465,0.0058201827110045,-3.5530930341708e-05,8.2723169703812e-06,4.5094736842105,4.5094736842105,10.71,0
0.026073757263939,0.0058013952921774,-4.2012839434979e-05,1.1903777998773e-05,4.6705263157895,4.6705263157895,10.71,0
0.026059926675399,0.0057950288079364,-4.408645833156e-05,1.2901415043871e-05,4.8315789473684,4.8315789473684,10.71,0
0.026046096086859,0.0057886623236955,-4.6160077228141e-05,1.3899052088969e-05,4.9926315789474,4.9926315789474,10.71,0
0.026027132977391,0.0057901517942383,-4.5459979121122e-05,1.3546160170527e-05,5.1536842105263,5.1536842105263,10.71,0
0.026006031317536,0.0057949145792745,-4.3604165595917e-05,1.2630547850602e-05,5.3147368421053,5.3147368421053,10.71,0
0.025984823437035,0.0057998741460564,-4.1677644813042e-05,1.1670911054935e-05,5.4757894736842,5.4757894736842,10.71,0
0.025954819004901,0.0058211299871752,-3.3895576481888e-05,7.0654333727426e-06,5.6368421052632,5.6368421052632,10.71,0
0.025923643141825,0.0058437678309596,-2.5338210898914e-05,1.6251565486279e-06,5.7978947368421,5.7978947368421,10.71,0
0.025886041197134,0.0058789109114468,-1.1130908814385e-05,-9.7955829215503e-06,5.9589473684211,5.9589473684211,10.71,0
0.025839924419341,0.005930979887771,1.0663773541077e-05,-2.9241961644093e-05,6.12,6.12,10.71,0
0.025793807641548,0.0059830488640953,3.245845589654e-05,-4.8688340366635e-05,6.2810526315789,6.2810526315789,10.71,0
0.025753635968241,0.0060213199742064,4.919055272819e-05,-6.5490033817513e-05,6.4421052631579,6.4421052631579,10.71,0
0.025714256975532,0.0060577513688225,6.5247638156699e-05,-8.193910256553e-05,6.6031578947368,6.6031578947368,10.71,0
0.025677483293751,0.00608796838589,7.8838004953679e-05,-9.5794153065652e-05,6.7642105263158,6.7642105263158,10.71,0
0.025651932784964,0.006091415072575,8.1802227424825e-05,-9.8474677240135e-05,6.9252631578947,6.9252631578947,10.71,0
0.025634425868271,0.0060758171824684,7.743150884023e-05,-9.4447841271615e-05,7.0863157894737,7.0863157894737,10.71,0
0.025624384066616,0.0060423284215361,6.5933741845802e-05,-8.2813170883771e-05,7.2473684210526,7.2473684210526,10.71,0
0.025619196194403,0.0059971993173043,4.9790861602975e-05,-6.6184181611604e-05,7.4084210526316,7.4084210526316,10.71,0
0.025614361960909,0.0059512919189463,3.3356674202468e-05,-4.9433160430206e-05,7.5694736842105,7.5694736842105,10.71,0
0.025615185946923,0.0058929318145709,1.2261572279642e-05,-3.0729628701599e-05,7.7305263157895,7.7305263157895,10.71,0
0.025616009932936,0.0058345717101955,-8.8335296431832e-06,-1.2026096972991e-05,7.8915789473684,7.8915789473684,10.71,0
0.025611599273077,0.0057864825717184,-2.5345418301097e-05,1.8257074075725e-06,8.0526315789474,8.0526315789474,10.71,0
0.025597880363525,0.0057564913326462,-3.37487952218e-05,7.0862217314738e-06,8.2136842105263,8.2136842105263,10.71,0
0.025582868923053,0.0057279440422608,-4.1292711411566e-05,1.1386048866819e-05,8.3747368421053,8.3747368421053,10.71,0
0.025561070537259,0.0057122346457978,-4.4437948804706e-05,1.3059040314036e-05,8.5357894736842,8.5357894736842,10.71,0
0.025537245714024,0.0057003583712594,-4.6269834316572e-05,1.3947714525939e-05,8.6968421052632,8.6968421052632,10.71,0
0.025511702880378,0.0056911323394451,-4.7199435707703e-05,1.4397804331608e-05,8.8578947368421,8.8578947368421,10.71,0
0.025480576512892,0.0056905195964844,-4.5196613706385e-05,1.3422494816989e-05,9.0189473684211,9.0189473684211,10.71,0
0.025449450145407,0.0056899068535238,-4.3193791705067e-05,1.2447185302369e-05,9.18,9.18,10.71,0
0.025413187579597,0.0056989466585378,-3.7866942730899e-05,9.4417240343427e-06,9.3410526315789,9.3410526315789,10.71,0
0.025372950034988,0.0057150600585508,-2.9960101829929e-05,4.6845267057712e-06,9.5021052631579,9.5021052631579,10.71,0
0.025331490079713,0.005732724800159,-2.1248080282741e-05,-8.9543380398458e-07,9.6631578947368,9.6631578947368,10.71,0
0.025276047979722,0.005778330516455,-2.4446396384101e-07,-1.9439592809738e-05,9.8242105263158,9.8242105263158,10.71,0
0.025220124697647,0.0058248977945608,2.1182155784487e-05,-3.8429902256134e-05,9.9852631578947,9.9852631578947,10.71,0
0.025166912108414,0.0058650252617351,4.0272811777084e-05,-5.6229015307836e-05,10.146315789474,10.146315789474,10.71,0
0.025117571937524,0.0058959529990074,5.6026376690132e-05,-7.232641922432e-05,10.307368421053,10.307368421053,10.71,0
0.025068231766634,0.0059268807362797,7.1779941603179e-05,-8.8423823140803e-05,10.468421052632,10.468421052632,10.71,0
0.025028882938037,0.0059340131745631,7.7956922511618e-05,-9.4269792715022e-05,10.629473684211,10.629473684211,10.71,0
0.02499564144018,0.0059266659194082,7.8476441385201e-05,-9.4633738006381e-05,10.790526315789,10.790526315789,10.71,0
0.024969947467091,0.0059013788521161,7.1990282881491e-05,-8.8153786530659e-05,10.951578947368,10.951578947368,10.71,0
0.024953743965347,0.0058533896353462,5.6466255546327e-05,-7.2133247598864e-05,11.112631578947,11.112631578947,10.71,0
0.024937540463603,0.0058054004185764,4.0942228211162e-05,-5.6112708667069e-05,11.273684210526,11.273684210526,10.71,0
0.024924921632603,0.0057497121860985,2.2484145897965e-05,-3.8750937789902e-05,11.434736842105,11.434736842105,10.71,0
0.024914812071126,0.005688634642625,1.9722251002062e-06,-2.0450304551026e-05,11.595789473684,11.595789473684,10.71,0
0.024904702509648,0.0056275570991516,-1.8539695697553e-05,-2.1496713121497e-06,11.756842105263,11.756842105263,10.71,0
0.024881581489215,0.0055921974079126,-2.7557779829297e-05,4.0075237090629e-06,11.917894736842,11.917894736842,10.71,0
0.024856562283171,0.0055596536179922,-3.5104120028658e-05,8.5489773196031e-06,12.078947368421,12.078947368421,10.71,0
0.024828413425979,0.0055326753114035,-4.0563927999503e-05,1.165900480304e-05,12.24,12.24,10.71,0
0.024794447178018,0.005516768706545,-4.2168785896673e-05,1.245436826724e-05,12.401052631579,12.401052631579,10.71,0
0.024760480930056,0.0055008621016864,-4.3773643793843e-05,1.3249731731439e-05,12.562105263158,12.562105263158,10.71,0
0.024721231705115,0.0054930699577069,-4.2521091984579e-05,1.2661068469601e-05,12.723157894737,12.723157894737,10.71,0
0.024680356948797,0.005487774570921,-4.0389337188703e-05,1.1646550830512e-05,12.884210526316,12.884210526316,10.71,0
0.024638402973862,0.0054845198010829,-3.7536550833113e-05,1.0193160601457e-05,13.045263157895,13.045263157895,10.71,0
0.024589618552641,0.0054941802314197,-3.0120307854257e-05,5.9621166061146e-06,13.206315789474,13.206315789474,10.71,0
0.02453930762473,0.0055057402007656,-2.1653407117979e-05,6.6763476975519e-07,13.367368421053,13.367368421053,10.71,0
0.024482058024095,0.0055311149952828,-6.9737184685442e-06,-1.1160338779919e-05,13.528421052632,13.528421052632,10.71,0
0.024417980172573,0.005570247763586,1.3865102872404e-05,-2.9471307813002e-05,13.689473684211,13.689473684211,10.71,0
0.024353902321051,0.0056093805318892,3.4703924213353e-05,-4.7782276846086e-05,13.850526315789,13.850526315789,10.71,0
0.024296029134097,0.0056334081261437,5.0468447243219e-05,-6.347115329367e-05,14.011578947368,14.011578947368,10.71,0
0.024238543738679,0.0056564916470203,6.591582662867e-05,-7.8996148954685e-05,14.172631578947,14.172631578947,10.71,0
0.024185362148875,0.0056694225723349,7.7419393732816e-05,-9.027105052988e-05,14.333684210526,14.333684210526,10.71,0
0.024140006610929,0.0056638908672777,8.1753992018256e-05,-9.3837042647821e-05,14.494736842105,14.494736842105,10.71,0
0.024102601201314,0.0056395285399486,7.8971559492541e-05,-9.0877358980775e-05,14.655789473684,14.655789473684,10.71,0
0.024075155364582,0.0055914341671902,6.7202417439026e-05,-7.8383839748268e-05,14.816842105263,14.816842105263,10.71,0
0.024050441199459,0.0055368306644247,5.2968436826757e-05,-6.3275418427085e-05,14.977894736842,14.977894736842,10.71,0
0.024026462361696,0.0054807245645225,3.8211035445776e-05,-4.7940340103295e-05,15.138947368421,15.138947368421,10.71,0
0.024007998479144,0.0054133489860953,1.9527978299706e-05,-3.0905334260154e-05,15.3,15.3,10.71,0
0.023989534596592,0.0053459734076681,8.4492115363581e-07,-1.3870328417013e-05,15.461052631579,15.461052631579,10.71,0
0.023965823578872,0.0052889157980907,-1.2860480484073e-05,-2.0841801137335e-06,15.622105263158,15.622105263158,10.71,0
0.023934754916341,0.0052460970118868,-1.9613462376765e-05,2.3627633564608e-06,15.783157894737,15.783157894737,10.71,0
0.023902750277023,0.0052041459491083,-2.5594611454307e-05,5.9619168502231e-06,15.944210526316,15.944210526316,10.71,0
0.023864961984191,0.0051732189571447,-2.7102284173155e-05,6.8864042160866e-06,16.105263157895,16.105263157895,10.71,0
0.023825979808459,0.0051445675941758,-2.7686525549843e-05,7.2587772229422e-06,16.266315789474,16.266315789474,10.71,0
0.023785407763191,0.0051182037335684,-2.720126209718e-05,7.1112722447943e-06,16.427368421053,16.427368421053,10.71,0
0.023741020031035,0.0050973298786285,-2.4149187054034e-05,5.7160601026201e-06,16.588421052632,16.588421052632,10.71,0
0.023696632298878,0.0050764560236886,-2.1097112010889e-05,4.3208479604459e-06,16.749473684211,16.749473684211,10.71,0
0.023648432886837,0.0050627458301769,-1.489398235203e-05,9.8232089897545e-07,16.910526315789,16.910526315789,10.71,0
0.023597346304668,0.0050540709602696,-6.2589772013467e-06,-3.9962971794086e-06,17.071578947368,17.071578947368,10.71,0
0.023545603197866,0.0050459670775975,3.0090303391729e-06,-9.6334074142887e-06,17.232631578947,17.232631578947,10.71,0
0.023483275406727,0.0050597281449952,2.3351766772273e-05,-2.6975612406388e-05,17.393684210526,17.393684210526,10.71,0
0.023420947615588,0.005073489212393,4.3694503205373e-05,-4.4317817398487e-05,17.554736842105,17.554736842105,10.71,0
0.023362277143019,0.0050776847859542,6.1793816086394e-05,-6.0453540279003e-05,17.715789473684,17.715789473684,10.71,0
0.02330772115384,0.0050711191789494,7.7369277471379e-05,-7.5231970784032e-05,17.876842105263,17.876842105263,10.71,0
0.023253165164661,0.0050645535719445,9.2944738856364e-05,-9.001040128906e-05,18.037894736842,18.037894736842,10.71,0
0.023209736909539,0.0050319560882016,9.9965562442206e-05,-9.5713534828713e-05,18.198947368421,18.198947368421,10.71,0
0.023173687698187,0.0049817948061023,0.00010107907843984,-9.5643861170027e-05,18.36,18.36,10.71,0
0.023143486187914,0.0049175458022076,9.7629046610563e-05,-9.1171947037469e-05,18.521052631579,18.521052631579,10.71,0
0.023123814244083,0.0048279680839937,8.666394102779e-05,-7.8837241066339e-05,18.682105263158,18.682105263158,10.71,0
0.023104142300252,0.0047383903657798,7.5698835445017e-05,-6.6502535095209e-05,18.843157894737,18.843157894737,10.71,0
0.023090360005319,0.0046378287308776,6.1743291004568e-05,-5.304748912452e-05,19.004210526316,19.004210526316,10.71,0
0.023079790246149,0.0045312758686908,4.6156598096329e-05,-3.8981348608646e-05,19.165263157895,19.165263157895,10.71,0
0.023068772207211,0.0044255770576091,3.118686245155e-05,-2.5645811291341e-05,19.326315789474,19.326315789474,10.71,0
0.023051213757413,0.0043323388694272,2.5218545761453e-05,-2.2969789420955e-05,19.487368421053,19.487368421053,10.71,0
0.023033682314116,0.0042380229382089,1.9639224030263e-05,-2.0966996824538e-05,19.648421052632,19.648421052632,10.71,0
0.023015928344046,0.0041430777455453,1.5323595501818e-05,-2.0458205237901e-05,19.809473684211,19.809473684211,10.71,0
0.022997932474935,0.0040479136129096,1.2163103092907e-05,-2.1229097905547e-05,19.970526315789,19.970526315789,10.71,0
0.022979936605823,0.0039527494802739,9.0026106839966e-06,-2.1999990573192e-05,20.131578947368,20.131578947368,10.71,0
0.02296385856385,0.0038505817717799,4.8389381424533e-06,-2.2732514727326e-05,20.292631578947,20.292631578947,10.71,0
0.022948191484836,0.0037469132970306,4.6029842963221e-07,-2.3456817057137e-05,20.453684210526,20.453684210526,10.71,0
0.022933106719126,0.00364182265416,-4.4169353958884e-06,-2.386458717622e-05,20.614736842105,20.614736842105,10.71,0
0.022921933552644,0.0035271788177215,-1.2643397768646e-05,-2.2146101310144e-05,20.775789473684,20.775789473684,10.71,0
0.022912022382373,0.0034086070863466,-2.2357143899931e-05,-1.9230369529437e-05,20.936842105263,20.936842105263,10.71,0
0.022905806095611,0.003281392591967,-3.6575882219e-05,-1.167760021707e-05,21.097894736842,21.097894736842,10.71,0
0.022902677503898,0.0031470535268356,-5.4564454525362e-05,-2.1102928801126e-07,21.258947368421,21.258947368421,10.71,0
0.022899548912184,0.0030127144617041,-7.2553026831725e-05,1.1255541641048e-05,21.42,21.42,10.71,0
0.022890178481668,0.0028803382901305,-8.8162638603322e-05,2.1488573085527e-05,21.581052631579,21.581052631579,10.71,0
0.022880808051152,0.002747962118557,-0.00010377225037492,3.1721604530006e-05,21.742105263158,21.742105263158,10.71,0
0.022866848486179,0.0026239977531915,-0.00011656163362219,3.9343600575489e-05,21.903157894737,21.903157894737,10.71,0
0.022842224101947,0.0025195003793683,-0.00012284322252342,4.0965513774557e-05,22.064210526316,22.064210526316,10.71,0
0.02281431211326,0.0024199960401274,-0.00012769065520687,4.1576641461017e-05,22.225263157895,22.225263157895,10.71,0
0.022779092019084,0.0023341820222256,-0.0001303979393844,4.2134063806418e-05,22.386315789474,22.386315789474,10.71,0
0.022740905001683,0.0022539259608152,-0.00013223637235041,4.2669683015022e-05,22.547368421053,22.547368421053,10.71,0
0.022700471623114,0.002177422816541,-0.00013338338190702,4.2963708613708e-05,22.708421052632,22.708421052632,10.71,0
0.022649555225761,0.0021184332855685,-0.00013130374888634,4.2130297366094e-05,22.869473684211,22.869473684211,10.71,0
0.022598638828408,0.0020594437545961,-0.00012922411586566,4.1296886118481e-05,23.030526315789,23.030526315789,10.71,0
0.022538966228783,0.0020176612428769,-0.00012291966262061,3.7470638310183e-05,23.191578947368,23.191578947368,10.71,0
0.022472454553071,0.0019889016331269,-0.00011336863875714,3.1230372246577e-05,23.352631578947,23.352631578947,10.71,0
0.022403036065846,0.0019646506460757,-0.00010250276542753,2.3609806386108e-05,23.513684210526,23.513684210526,10.71,0
0.022315325972621,0.0019786934430338,-7.9280192514908e-05,2.0581613465339e-06,23.674736842105,23.674736842105,10.71,0
0.022227615879395,0.0019927362399919,-5.6057619602281e-05,-1.949348369304e-05,23.835789473684,23.835789473684,10.71,0
0.022139607835391,0.0020030630290932,-3.4283240448385e-05,-4.0247840348869e-05,23.996842105263,23.996842105263,10.71,0
0.022051053548293,0.0020065771371239,-1.5163883185405e-05,-5.9540501634584e-05,24.157894736842,24.157894736842,10.71,0
0.021962499261195,0.0020100912451545,3.9554740775754e-06,-7.88331629203e-05,24.318947368421,24.318947368421,10.71,0
0.021881634629124,0.0019922721940633,1.2885782219032e-05,-8.6632199864067e-05,24.48,24.48,10.71,0
0.021806107330093,0.001959606904714,1.5472532243912e-05,-8.7699412969746e-05,24.641052631579,24.641052631579,10.71,0
0.021736741512855,0.0019096242441424,1.0967584753657e-05,-8.1340640691568e-05,24.802105263158,24.802105263158,10.71,0
0.021675832332623,0.0018354806284846,-4.3675797538489e-06,-6.277747738783e-05,24.963157894737,24.963157894737,10.71,0
0.021614923152391,0.0017613370128267,-1.9702744261355e-05,-4.4214314084093e-05,25.124210526316,25.124210526316,10.71,0
0.021554658704908,0.0016834247245887,-3.6355123452681e-05,-2.5589897023834e-05,25.285263157895,25.285263157895,10.71,0
0.021494967353202,0.0016021625051683,-5.4178360140683e-05,-6.911032180048e-06,25.446315789474,25.446315789474,10.71,0
0.021435276001496,0.0015209002857479,-7.2001596828685e-05,1.1767832663738e-05,25.607368421053,25.607368421053,10.71,0
0.021361071297866,0.0014695143298574,-7.9111881380368e-05,1.8203646120751e-05,25.768421052632,25.768421052632,10.71,0
0.02128240620148,0.0014260653446149,-8.342381909253e-05,2.1445580939374e-05,25.929473684211,25.929473684211,10.71,0
0.021200432640494,0.0013885819771476,-8.620710332657e-05,2.3457565786151e-05,26.090526315789,26.090526315789,10.71,0
0.021111355302529,0.0013656475444862,-8.5600434760921e-05,2.3218152153449e-05,26.251578947368,26.251578947368,10.71,0
0.021022277964564,0.0013427131118247,-8.4993766195272e-05,2.2978738520747e-05,26.412631578947,26.412631578947,10.71,0
0.020927424356638,0.0013292199417246,-8.2618572039595e-05,2.1872074897693e-05,26.573684210526,26.573684210526,10.71,0
0.020830163969561,0.0013196606310251,-7.9506492221395e-05,2.0404057111987e-05,26.734736842105,26.734736842105,10.71,0
0.020732805741882,0.0013103037277767,-7.6348213010816e-05,1.8903719708528e-05,26.895789473684,26.895789473684,10.71,0
0.020627344947141,0.0013177089857674,-6.9363979468436e-05,1.4726866983601e-05,27.056842105263,27.056842105263,10.71,0
0.020520261571857,0.0013270350952664,-6.1767864872269e-05,9.8219311983384e-06,27.217894736842,27.217894736842,10.71,0
0.020407084152986,0.0013494758419123,-4.9498875290665e-05,-5.8837579500787e-07,27.378947368421,27.378947368421,10.71,0
0.02028603475559,0.0013894803513856,-3.0942980785608e-05,-1.8402779611183e-05,27.54,27.54,10.71,0
0.020164985358193,0.0014294848608589,-1.2387086280549e-05,-3.6217183427358e-05,27.701052631579,27.701052631579,10.71,0
0.020044314795772,0.0014577716083562,2.9913470008045e-06,-5.2438201426913e-05,27.862105263158,27.862105263158,10.71,0
0.019923694744681,0.0014844959875901,1.7946118785691e-05,-6.8446767984277e-05,28.023157894737,28.023157894737,10.71,0
0.019805984902989,0.0015033237092531,2.9744172337774e-05,-8.0719510196699e-05,28.184210526316,28.184210526316,10.71,0
0.019695083765854,0.0015036764688075,3.4156791075904e-05,-8.4251945184596e-05,28.345263157895,28.345263157895,10.71,0
0.019590176447522,0.0014867828662819,3.232293317867e-05,-8.1397801253649e-05,28.506315789474,28.506315789474,10.71,0
0.019492555546656,0.0014492057969644,2.2497205315998e-05,-6.9294050076938e-05,28.667368421053,28.667368421053,10.71,0
0.01939758050737,0.0014041221629596,9.7637107157395e-06,-5.3810150025727e-05,28.828421052632,28.828421052632,10.71,0
0.019302822044936,0.0013584176448237,-3.1159100783352e-06,-3.8296235758803e-05,28.989473684211,28.989473684211,10.71,0
0.019211528812128,0.001302778980592,-1.8333549973046e-05,-2.2302094040883e-05,29.150526315789,29.150526315789,10.71,0
0.019120235579321,0.0012471403163604,-3.3551189867757e-05,-6.3079523229613e-06,29.311578947368,29.311578947368,10.71,0
0.019024292928049,0.001201396416643,-4.5017990708202e-05,5.2784036929029e-06,29.472631578947,29.472631578947,10.71,0
0.018920006357697,0.0011731300586151,-4.9849656611899e-05,9.0608801919293e-06,29.633684210526,29.633684210526,10.71,0
0.01881406943954,0.0011465346524203,-5.3982954827021e-05,1.1979079466169e-05,29.794736842105,29.794736842105,10.71,0
0.018703214338015,0.0011305719780926,-5.5364638448609e-05,1.2974299967149e-05,29.955789473684,29.955789473684,10.71,0
0.018590890771598,0.0011177840112274,-5.5924748509117e-05,1.3395359928952e-05,30.116842105263,30.116842105263,10.71,0
0.018477201430676,0.0011071584294905,-5.5989317564508e-05,1.3550401600643e-05,30.277894736842,30.277894736842,10.71,0
0.018359073322609,0.0011035605994203,-5.4443378353243e-05,1.2840883829452e-05,30.438947368421,30.438947368421,10.71,0
0.018240945214543,0.0010999627693501,-5.2897439141978e-05,1.213136605826e-05,30.6,30.6,10.71,0
0.018119596060065,0.0011033964502845,-4.9524891267039e-05,1.0113589042455e-05,30.761052631579,30.761052631579,10.71,0
0.01799498274688,0.0011133302147047,-4.4387851094145e-05,6.7308710321185e-06,30.922105263158,30.922105263158,10.71,0
0.01786916926232,0.0011244809247319,-3.8764365746982e-05,2.7728351713554e-06,31.083157894737,31.083157894737,10.71,0
0.017733254042517,0.0011590452668373,-2.4335841056049e-05,-1.1532739358703e-05,31.244210526316,31.244210526316,10.71,0
0.017596768319787,0.0011949319110357,-9.4100452918551e-06,-2.6422698745976e-05,31.405263157895,31.405263157895,10.71,0
0.017460313655669,0.0012258935852466,4.3297965116785e-06,-4.0701432043949e-05,31.566315789474,31.566315789474,10.71,0
0.017323903360998,0.0012498195880471,1.6375418371459e-05,-5.4106985214393e-05,31.727368421053,31.727368421053,10.71,0
0.017187493066327,0.0012737455908476,2.842104023124e-05,-6.7512538384837e-05,31.888421052632,31.888421052632,10.71,0
0.017058125387006,0.0012791564340705,3.3453607963522e-05,-7.2649008755783e-05,32.049473684211,32.049473684211,10.71,0
0.016934049236098,0.0012698315826181,3.3079551845109e-05,-7.1805562536945e-05,32.210526315789,32.210526315789,10.71,0
0.01681359804843,0.0012499279492351,2.8883438712346e-05,-6.6863695958776e-05,32.371578947368,32.371578947368,10.71,0
0.016699878424681,0.0012110937897216,1.7510531890724e-05,-5.337719001315e-05,32.532631578947,32.532631578947,10.71,0
0.016586158800933,0.001172259630208,6.1376250691022e-06,-3.9890684067523e-05,32.693684210526,32.693684210526,10.71,0
0.016474747461778,0.0011279661168521,-6.3870871774741e-06,-2.6253172656263e-05,32.854736842105,32.854736842105,10.71,0
0.016364951921838,0.0010798510558066,-1.9718063221481e-05,-1.2509957419096e-05,33.015789473684,33.015789473684,10.71,0
0.016255156381898,0.0010317359947611,-3.3049039265487e-05,1.2332578180711e-06,33.176842105263,33.176842105263,10.71,0
0.016135791099293,0.0010041859565654,-3.8504129429956e-05,5.7410075915303e-06,33.337894736842,33.337894736842,10.71,0
0.016014153650027,0.00098012139342893,-4.2568697659773e-05,8.5953831202153e-06,33.498947368421,33.498947368421,10.71,0
0.015890361410893,0.00096008215915706,-4.5483947420371e-05,1.0523455836774e-05,33.66,33.66,10.71,0
0.015762895719915,0.00094819529502761,-4.6261312200342e-05,1.0957644120137e-05,33.821052631579,33.821052631579,10.71,0
0.015635430028937,0.00093630843089816,-4.7038676980312e-05,1.13918324035e-05,33.982105263158,33.982105263158,10.71,0
0.015504301796173,0.00093011109141172,-4.6503513161492e-05,1.1124481683185e-05,34.143157894737,34.143157894737,10.71,0
0.015372046627474,0.00092566437489239,-4.5564494389191e-05,1.064127280789e-05,34.304210526316,34.304210526316,10.71,0
0.015238929360776,0.00092320001694706,-4.4126831517664e-05,9.8163517000983e-06,34.465263157895,34.465263157895,10.71,0
0.015101931935179,0.00092965792337125,-4.0444854959438e-05,7.4534409891156e-06,34.626315789474,34.626315789474,10.71,0
0.01496355550148,0.00093740205730204,-3.6249418446113e-05,4.4490962956684e-06,34.787368421053,34.787368421053,10.71,0
0.014819765578103,0.00095752512980174,-2.7435319200702e-05,-3.9995070590482e-06,34.948421052632,34.948421052632,10.71,0
0.014672661261554,0.00098545958753116,-1.5710918662981e-05,-1.5874129238395e-05,35.109473684211,35.109473684211,10.71,0
0.014525556945006,0.0010133940452606,-3.9865181252609e-06,-2.7748751417741e-05,35.270526315789,35.270526315789,10.71,0
0.014377385242782,0.0010331574199159,5.7397187816217e-06,-3.8814658423254e-05,35.431578947368,35.431578947368,10.71,0
0.014229146828954,0.0010524101018792,1.5341070461599e-05,-4.9830020730425e-05,35.592631578947,35.592631578947,10.71,0
0.014082942380799,0.0010664385753914,2.2904886842767e-05,-5.8461178429194e-05,35.753684210526,35.753684210526,10.71,0
0.013942989942174,0.0010643800878792,2.4199392580475e-05,-5.9766000974836e-05,35.914736842105,35.914736842105,10.71,0
0.013807105115802,0.001049883526925,2.0981346937049e-05,-5.6457730049879e-05,36.075789473684,36.075789473684,10.71,0
0.01367522245648,0.0010241008961785,1.3260722158439e-05,-4.7881163457984e-05,36.236842105263,36.236842105263,10.71,0
0.013545471918667,0.00099230570477107,3.1413854563207e-06,-3.6497955771409e-05,36.397894736842,36.397894736842,10.71,0
0.013416183408307,0.00095959422573533,-7.2208479418174e-06,-2.504596994192e-05,36.558947368421,36.558947368421,10.71,0
0.01329036010384,0.00092001058948739,-1.940480655998e-05,-1.3078148040689e-05,36.72,36.72,10.71,0
0.013164536799374,0.00088042695323946,-3.1588765178143e-05,-1.1103261394587e-06,36.881052631579,36.881052631579,10.71,0
0.013033630305697,0.00085173068084702,-3.9844884910647e-05,6.2146643867199e-06,37.042105263158,37.042105263158,10.71,0
0.012897953209842,0.00083285549517667,-4.4576256987388e-05,9.371742442041e-06,37.203157894737,37.203157894737,10.71,0
0.012760802774892,0.00081545489392817,-4.8853644197951e-05,1.1985637766712e-05,37.364210526316,37.364210526316,10.71,0
0.012618956989211,0.00080833258735057,-5.0819502490067e-05,1.2925192147093e-05,37.525263157895,37.525263157895,10.71,0
0.012476921822206,0.00080162484342312,-5.2692128044162e-05,1.3797213999815e-05,37.686315789474,37.686315789474,10.71,0
0.012333383184883,0.0007973709377413,-5.4157590608047e-05,1.4460590817223e-05,37.847368421053,37.847368421053,10.71,0
0.012186236218795,0.00079900624384908,-5.4645861995415e-05,1.4623219549868e-05,38.008421052632,38.008421052632,10.71,0
0.012039089252706,0.00080064154995686,-5.5134133382783e-05,1.4785848282512e-05,38.169473684211,38.169473684211,10.71,0
0.011888371296015,0.00081026664901977,-5.3972774732849e-05,1.3849574830761e-05,38.330526315789,38.330526315789,10.71,0
0.011735479389536,0.0008239335938111,-5.1930882252213e-05,1.2210519006352e-05,38.491578947368,38.491578947368,10.71,0
0.011580173706104,0.00084165178811758,-4.8630799693401e-05,9.0962554541135e-06,38.652631578947,38.652631578947,10.71,0
0.011417556973302,0.00087614208722821,-3.9723046759848e-05,-4.9000248462115e-07,38.813684210526,38.813684210526,10.71,0
0.0112549402405,0.00091063238633885,-3.0815293826296e-05,-1.0076260423356e-05,38.974736842105,38.974736842105,10.71,0
0.011090649817245,0.00094373942275239,-2.2768748781033e-05,-1.9405394178757e-05,39.135789473684,39.135789473684,10.71,0
0.010924476492229,0.0009752902886318,-1.5691062610062e-05,-2.844526322794e-05,39.296842105263,39.296842105263,10.71,0
0.010758303167213,0.0010068411545112,-8.6133764390916e-06,-3.7485132277123e-05,39.457894736842,39.457894736842,10.71,0
0.010596756343928,0.0010268888774618,-7.5219902767628e-06,-3.9892317730101e-05,39.618947368421,39.618947368421,10.71,0
0.010438121000567,0.0010385577755862,-1.0344987692346e-05,-3.8242529346147e-05,39.78,39.78,10.71,0
0.010281476463472,0.0010440274390323,-1.6226155945151e-05,-3.3445406638322e-05,39.941052631579,39.941052631579,10.71,0
0.0101278188373,0.0010407539643296,-2.7586075707128e-05,-2.260477347471e-05,40.102105263158,40.102105263158,10.71,0
0.0099741612111278,0.001037480489627,-3.8945995469104e-05,-1.1764140311099e-05,40.263157894737,40.263157894737,10.71,0
0.0098213941824009,0.0010334841222434,-5.1518772666312e-05,-2.7860020920393e-07,40.424210526316,40.424210526316,10.71,0
0.0096691129340986,0.0010290934497611,-6.4753108464535e-05,1.1558707313554e-05,40.585263157895,40.585263157895,10.71,0
0.0095168316857963,0.0010247027772788,-7.7987444262756e-05,2.339601483631e-05,40.746315789474,40.746315789474,10.71,0
0.0093532279644902,0.0010432438093169,-8.4751047997996e-05,2.8655932811771e-05,40.907368421053,40.907368421053,10.71,0
0.0091869549017721,0.0010657883546627,-9.0588717501841e-05,3.3129522880801e-05,41.068421052632,41.068421052632,10.71,0
0.0090161969022854,0.0010967876014576,-9.4505103108405e-05,3.6544520564189e-05,41.229473684211,41.229473684211,10.71,0
0.0088388770049993,0.0011409271253839,-9.5403546471821e-05,3.8385747440681e-05,41.390526315789,41.390526315789,10.71,0
0.0086615571077132,0.0011850666493101,-9.6301989835237e-05,4.0226974317174e-05,41.551578947368,41.551578947368,10.71,0
0.0084753086557973,0.0012450411489506,-9.3725034521249e-05,4.1310586109946e-05,41.712631578947,41.712631578947,10.71,0
0.008287146942175,0.0013084088576726,-9.0403350919238e-05,4.2231851813347e-05,41.873684210526,41.873684210526,10.71,0
0.0080965265227988,0.0013766339787608,-8.5768341156009e-05,4.2841126800052e-05,42.034736842105,42.034736842105,10.71,0
0.0078981463520435,0.0014601892434609,-7.698843342181e-05,4.2465749438561e-05,42.195789473684,42.195789473684,10.71,0
0.0076957702102335,0.001549964578891,-6.5935408838209e-05,4.0740762100383e-05,42.356842105263,42.356842105263,10.71,0
0.0074832437337496,0.0016595683660615,-4.6237179006263e-05,3.2267315070613e-05,42.517894736842,42.517894736842,10.71,0
0.0072658816346244,0.0017787094706336,-2.2355488991773e-05,2.0503869575016e-05,42.678947368421,42.678947368421,10.71,0
0.0070485195354992,0.0018978505752057,1.5262010227188e-06,8.7404240794199e-06,42.84,42.84,10.71,0
0.0068277648760936,0.002121888279195,2.7744099414912e-05,-4.5135405838424e-06,43.001052631579,43.001052631579,10.71,0
0.0066070102166879,0.0023459259831843,5.3961997807123e-05,-1.7767505247118e-05,43.162105263158,43.162105263158,10.71,0
0.0063862555572823,0.0025699636871736,8.0179896199333e-05,-3.1021469910393e-05,43.323157894737,43.323157894737,10.71,0
0.0061817265532565,0.0027345961535718,9.5515626810395e-05,-3.2571929800214e-05,43.484210526316,43.484210526316,10.71,0
0.0059833261366803,0.0028767906854144,0.00010674105707763,-2.9701862396049e-05,43.645263157895,43.645263157895,10.71,0
0.005784925720104,0.0030189852172571,0.00011796648734486,-2.6831794991883e-05,43.806315789474,43.806315789474,10.71,0
0.0055999880421361,0.0031204805780873,0.00012407387314018,-2.4456179626652e-05,43.967368421053,43.967368421053,10.71,0
0.0054215890809527,0.0032011036027777,0.00012752334774373,-2.2315262515515e-05,44.128421052632,44.128421052632,10.71,0
0.0052431901197694,0.0032817266274682,0.00013097282234728,-2.0174345404379e-05,44.289473684211,44.289473684211,10.71,0
0.0050710584152149,0.0033467691676032,0.00013310015807324,-1.8217584149432e-05,44.450526315789,44.450526315789,10.71,0
0.0049111424775702,0.0033814431463491,0.00013265045869316,-1.6619768625852e-05,44.611578947368,44.611578947368,10.71,0
0.0047513251637688,0.0034159521679129,0.00013219095340348,-1.5024103985092e-05,44.772631578947,44.772631578947,10.71,0
0.0045931822669259,0.0034476605776387,0.00013156496523517,-1.3464956626018e-05,44.933684210526,44.933684210526,10.71,0
0.0044501645917522,0.003449978161254,0.00012944314654227,-1.2262925630019e-05,45.094736842105,45.094736842105,10.71,0
0.0043090577904599,0.0034480659850631,0.00012709844416617,-1.1110151044549e-05,45.255789473684,45.255789473684,10.71,0
0.0041670048159012,0.0034469865387049,0.00012478130204528,-9.9430961295648e-06,45.416842105263,45.416842105263,10.71,0
0.0040266807168188,0.0034433050552253,0.00012239336405558,-8.8098648506065e-06,45.577894736842,45.577894736842,10.71,0
0.0039011288461494,0.0034173906884525,0.00011940051682923,-7.9656367323382e-06,45.738947368421,45.738947368421,10.71,0
0.0037756277881604,0.0033914306312348,0.0001164073484913,-7.1221608384863e-06,45.9,45.9,10.71,0
0.0036513861781222,0.0033643380862898,0.00011340622105121,-6.2973296508298e-06,46.061052631579,46.061052631579,10.71,0
0.0035326394561523,0.0033313703690425,0.00011037998015621,-5.5600264982937e-06,46.222105263158,46.222105263158,10.71,0
0.0034228522942489,0.0032888230282451,0.00010731279110999,-4.9654401178577e-06,46.383157894737,46.383157894737,10.71,0
0.0033121886188985,0.0032465043512672,0.00010423189212704,-4.3620399882556e-06,46.544210526316,46.544210526316,10.71,0
0.003201205794659,0.0032042689334843,0.00010114600119435,-3.7554306685768e-06,46.705263157895,46.705263157895,10.71,0
0.0030975603844527,0.0031566666349879,9.8150364084825e-05,-3.246555154596e-06,46.866315789474,46.866315789474,10.71,0
0.0029998447281591,0.0031047270751943,9.522766588248e-05,-2.8166635188732e-06,47.027368421053,47.027368421053,10.71,0
0.0029021290718656,0.0030527875154006,9.2304967680135e-05,-2.3867718831504e-06,47.188421052632,47.188421052632,10.71,0
0.002804610037442,0.0030008482894623,8.9387287120811e-05,-1.9584702633814e-06,47.349473684211,47.349473684211,10.71,0
0.002716275274608,0.0029450195057569,8.6671528567416e-05,-1.6316171365119e-06,47.510526315789,47.510526315789,10.71,0
0.0026302843133585,0.002887824110127,8.4005456089421e-05,-1.3332331140004e-06,47.671578947368,47.671578947368,10.71,0
0.002544293352109,0.0028306287144972,8.1339383611426e-05,-1.0348490914888e-06,47.832631578947,47.832631578947,10.71,0
0.0024583023908595,0.0027734333188673,7.8673311133431e-05,-7.3646506897733e-07,47.993684210526,47.993684210526,10.71,0
0.0023818696973837,0.0027148651781562,7.6266138045559e-05,-5.2455510208754e-07,48.154736842105,48.154736842105,10.71,0
0.0023066944187235,0.0026561164492837,7.389302384122e-05,-3.2402102058556e-07,48.315789473684,48.315789473684,10.71,0
0.0022315191400633,0.0025973677204112,7.1519909636881e-05,-1.2348693908357e-07,48.476842105263,48.476842105263,10.71,0
0.0021563483377189,0.0025386215025448,6.9146936638531e-05,7.7028479990942e-08,48.637894736842,48.637894736842,10.71,0
0.0020877178568159,0.0024805096588681,6.6967978332265e-05,2.2939505847171e-07,48.798947368421,48.798947368421,10.71,0
0.002022232601928,0.0024223768281596,6.4881285349786e-05,3.5636848895906e-07,48.96,48.96,10.71,0
0.0019567473470401,0.002364243997451,6.2794592367308e-05,4.833419194464e-07,49.121052631579,49.121052631579,10.71,0
0.0018912620921521,0.0023061111667425,6.070789938483e-05,6.1031534993375e-07,49.282105263158,49.282105263158,10.71,0
0.001829499177085,0.0022491062622216,5.8736389510369e-05,7.1519308208436e-07,49.443157894737,49.443157894737,10.71,0
0.0017725399447552,0.0021935569474151,5.6913523535782e-05,7.9155629654447e-07,49.604210526316,49.604210526316,10.71,0
0.0017155807124254,0.0021380076326086,5.5090657561196e-05,8.6791951100457e-07,49.765263157895,49.765263157895,10.71,0
0.0016586214800955,0.0020824583178021,5.3267791586609e-05,9.4428272546467e-07,49.926315789474,49.926315789474,10.71,0
0.0016032255197595,0.0020276042406259,5.1494215889965e-05,1.0128912720165e-06,50.087368421053,50.087368421053,10.71,0
0.0015535422300067,0.0019753925594345,4.9900847564329e-05,1.0538563382089e-06,50.248421052632,50.248421052632,10.71,0
0.0015038589402538,0.0019231808782431,4.8307479238693e-05,1.0948214044013e-06,50.409473684211,50.409473684211,10.71,0
0.001454175650501,0.0018709691970517,4.6714110913057e-05,1.1357864705938e-06,50.570526315789,50.570526315789,10.71,0
0.0014045973140457,0.0018188237698953,4.5124086504801e-05,1.176364815767e-06,50.731578947368,50.731578947368,10.71,0
0.0013616652343224,0.0017708739357887,4.3745818505479e-05,1.1924537238594e-06,50.892631578947,50.892631578947,10.71,0
0.0013187331545992,0.001722924101682,4.2367550506159e-05,1.2085426319518e-06,51.053684210526,51.053684210526,10.71,0
0.001275801074876,0.0016749742675754,4.0989282506837e-05,1.2246315400441e-06,51.214736842105,51.214736842105,10.71,0
0.0012328689951527,0.0016270244334688,3.9611014507516e-05,1.2407204481365e-06,51.375789473684,51.375789473684,10.71,0
0.0011923089922766,0.0015807808798752,3.8308637951052e-05,1.2494964257807e-06,51.536842105263,51.536842105263,10.71,0
0.0011553630401693,0.0015373255498539,3.7121945295037e-05,1.2484151815854e-06,51.697894736842,51.697894736842,10.71,0
0.0011184374217172,0.0014938916646641,3.5935905460609e-05,1.2473177048654e-06,51.858947368421,51.858947368421,10.71,0
0.0010815118032652,0.0014504577794743,3.474986562618e-05,1.2462202281455e-06,52.02,52.02,10.71,0
0.0010445861848131,0.0014070238942845,3.3563825791752e-05,1.2451227514256e-06,52.181052631579,52.181052631579,10.71,0
0.001011904354132,0.0013673233214867,3.2513912503987e-05,1.235581790061e-06,52.342105263158,52.342105263158,10.71,0
0.00098026450226397,0.0013285393902897,3.1497422418604e-05,1.2239676967247e-06,52.503157894737,52.503157894737,10.71,0
0.00094862465039596,0.0012897554590927,3.048093233322e-05,1.2123536033884e-06,52.664210526316,52.664210526316,10.71,0
0.00091693691555511,0.0012509148621695,2.9462904179706e-05,1.2007357491638e-06,52.825263157895,52.825263157895,10.71,0
0.00088547884608445,0.0012122517322279,2.8452246903467e-05,1.1884937597352e-06,52.986315789474,52.986315789474,10.71,0
0.00085807402987691,0.001177535234309,2.7571729082321e-05,1.1707826719504e-06,53.147368421053,53.147368421053,10.71,0
0.00083079993862512,0.0011429716577841,2.6695410875625e-05,1.153069736591e-06,53.308421052632,53.308421052632,10.71,0
0.00080352584737332,0.0011084080812592,2.581909266893e-05,1.1353568012317e-06,53.469473684211,53.469473684211,10.71,0
0.00077625175612152,0.0010738445047343,2.4942774462234e-05,1.1176438658724e-06,53.630526315789,53.630526315789,10.71,0
0.00075125049195397,0.0010416743238454,2.4139463132578e-05,1.0980924448716e-06,53.791578947368,53.791578947368,10.71,0
0.00072767578784655,0.0010110063789366,2.3381975216248e-05,1.0773870820661e-06,53.952631578947,53.952631578947,10.71,0
0.00070410108373912,0.00098033843402772,2.2624487299918e-05,1.0566817192606e-06,54.113684210526,54.113684210526,10.71,0
0.00068048929200848,0.00094962059325183,2.1865807656069e-05,1.035932555991e-06,54.274736842105,54.274736842105,10.71,0
0.00065757303539618,0.00091965432285237,2.112947371875e-05,1.0147511247567e-06,54.435789473684,54.435789473684,10.71,0
0.00063700347567269,0.00089230989922107,2.0468534673147e-05,9.9269728768029e-07,54.596842105263,54.596842105263,10.71,0
0.00061640749273922,0.00086494225083838,1.980674671749e-05,9.7069613448283e-07,54.757894736842,54.757894736842,10.71,0
0.00059581150980576,0.00083757460245569,1.9144958761832e-05,9.4869498128538e-07,54.918947368421,54.918947368421,10.71,0
0.00057557200415429,0.00081062226669689,1.8494625054024e-05,9.2667730833627e-07,55.08,55.08,10.71,0
0.00055747054855719,0.0007861608587558,1.791299068969e-05,9.0456055458253e-07,55.241052631579,55.241052631579,10.71,0
0.00053936909296008,0.00076169945081472,1.7331356325356e-05,8.824438008288e-07,55.402105263158,55.402105263158,10.71,0
0.00052139400791036,0.0007373706194473,1.6753782952066e-05,8.6022147105907e-07,55.563157894737,55.563157894737,10.71,0
0.00050418818781452,0.00071396222326753,1.6200930270749e-05,8.3812831171854e-07,55.724210526316,55.724210526316,10.71,0
0.00048806960407634,0.00069187158812266,1.568301642977e-05,8.1633254139432e-07,55.885263157895,55.885263157895,10.71,0
0.00047195102033815,0.00066978095297779,1.5165102588791e-05,7.9453677107009e-07,56.046315789474,56.046315789474,10.71,0
0.00045583243659996,0.00064769031783293,1.4647188747812e-05,7.7274100074587e-07,56.207368421053,56.207368421053,10.71,0
0.0004404883108223,0.00062652242381438,1.415416747283e-05,7.5104876575254e-07,56.368421052632,56.368421052632,10.71,0
0.00042657803351173,0.00060713474826767,1.3707239077622e-05,7.3003731122193e-07,56.529473684211,56.529473684211,10.71,0
0.00041293095025994,0.00058807607655362,1.3268771583339e-05,7.091660081341e-07,56.690526315789,56.690526315789,10.71,0
0.00039920875784702,0.00056892683860271,1.2827888265299e-05,6.8827730796347e-07,56.851578947368,56.851578947368,10.71,0
0.00038546339384522,0.00054974966047014,1.2386259652357e-05,6.6738324069722e-07,57.012631578947,57.012631578947,10.71,0
0.00037243362532383,0.00053146965240418,1.1967652057688e-05,6.4688855048171e-07,57.173684210526,57.173684210526,10.71,0
0.00036060208972413,0.00051469191585836,1.1587592137982e-05,6.2706259944004e-07,57.334736842105,57.334736842105,10.71,0
0.00034874515642631,0.00049787812935494,1.1206716421505e-05,6.0719385477006e-07,57.495789473684,57.495789473684,10.71,0
0.00033682286964655,0.00048097157892296,1.0823741492756e-05,5.8721499332482e-07,57.656842105263,57.656842105263,10.71,0
0.00032490058286679,0.00046406502849099,1.0440766564007e-05,5.6723613187958e-07,57.817894736842,57.817894736842,10.71,0
0.00031429547466357,0.00044881761948323,1.0100275890959e-05,5.4804697818181e-07,57.978947368421,57.978947368421,10.71,0
0.00030403294326199,0.00043400172627196,9.7708346843221e-06,5.290632146712e-07,58.14,58.14,10.71,0
0.00029378266988972,0.0004192032472855,9.4417870693171e-06,5.1010020448378e-07,58.301052631579,58.301052631579,10.71,0
0.00028357473055964,0.00040446490965696,9.114098753131e-06,4.9120886748606e-07,58.462105263158,58.462105263158,10.71,0
0.00027336679122955,0.00038972657202842,8.7864104369449e-06,4.7231753048834e-07,58.623157894737,58.623157894737,10.71,0
0.00026456448151223,0.00037673616935934,8.5044601172149e-06,4.5412370488032e-07,58.784210526316,58.784210526316,10.71,0
0.00025580420090285,0.00036379803091861,8.2238773890411e-06,4.3595073525116e-07,58.945263157895,58.945263157895,10.71,0
0.00024704392029346,0.00035085989247788,7.9432946608673e-06,4.1777776562199e-07,59.106315789474,59.106315789474,10.71,0
0.00023823693228319,0.00033785636765253,7.6612031472175e-06,3.9953218388148e-07,59.267368421053,59.267368421053,10.71,0
0.00022941127319199,0.00032482670490349,7.3785085031168e-06,3.8125757576436e-07,59.428421052632,59.428421052632,10.71,0
0.00022177747163247,0.00031322011990151,7.1357254549429e-06,3.6318145947123e-07,59.589473684211,59.589473684211,10.71,0
0.00021423498921318,0.00030173773643032,6.8959380056668e-06,3.4522340049465e-07,59.750526315789,59.750526315789,10.71,0
0.00020669618806452,0.00029026067440683,6.656270021085e-06,3.2727223418736e-07,59.911578947368,59.911578947368,10.71,0
0.00019915738691585,0.00027878361238335,6.4166020365032e-06,3.0932106788007e-07,60.072631578947,60.072631578947,10.71,0
0.00019161858576719,0.00026730655035987,6.1769340519215e-06,2.9136990157278e-07,60.233684210526,60.233684210526,10.71,0
0.00018509713613028,0.00025694076184478,5.9747260272093e-06,2.7304497709863e-07,60.394736842105,60.394736842105,10.71,0
0.00017857989274032,0.00024657956789781,5.7726728809637e-06,2.5471850731873e-07,60.555789473684,60.555789473684,10.71,0
0.00017206264935036,0.00023621837395083,5.5706197347181e-06,2.3639203753883e-07,60.716842105263,60.716842105263,10.71,0
0.0001655454059604,0.00022585718000385,5.3685665884725e-06,2.1806556775893e-07,60.877894736842,60.877894736842,10.71,0
0.00015906385651058,0.00021555014409962,5.1676714659844e-06,1.9982296568917e-07,61.038947368421,61.038947368421,10.71,0
0.00015342613936179,0.0002060136848393,5.0072541885941e-06,1.7957852390195e-07,61.2,61.2,10.71,0
0.0001477526909552,0.0001964189760979,4.8457089749407e-06,1.5919906536957e-07,61.361052631579,61.361052631579,10.71,0
0.0001420792425486,0.0001868242673565,4.6841637612873e-06,1.3881960683718e-07,61.522105263158,61.522105263158,10.71,0
0.000136405794142,0.0001772295586151,4.5226185476339e-06,1.184401483048e-07,61.683157894737,61.683157894737,10.71,0
0.00013079051873513,0.00016766923796374,4.3661041733823e-06,9.8382569257145e-08,61.844210526316,61.844210526316,10.71,0
0.00012583985666939,0.00015850179344952,4.2670659994199e-06,8.2002390391857e-08,62.005263157895,62.005263157895,10.71,0
0.00012088919460364,0.00014933434893531,4.1680278254576e-06,6.562221152657e-08,62.166315789474,62.166315789474,10.71,0
0.0001159385325379,0.00014016690442109,4.0689896514953e-06,4.9242032661283e-08,62.327368421053,62.327368421053,10.71,0
0.00011098787047216,0.00013099945990688,3.969951477533e-06,3.2861853795997e-08,62.488421052632,62.488421052632,10.71,0
0.00010603709596877,0.00012183183773675,3.8709087923941e-06,1.6482011008529e-08,62.649473684211,62.649473684211,10.71,0
0.00010163566168731,0.00011263825478881,3.9012910073146e-06,-4.9426360055965e-08,62.810526315789,62.810526315789,10.71,0
9.7259429009089e-05,0.00010344917041642,3.9369950740016e-06,-1.1729204078879e-07,62.971578947368,62.971578947368,10.71,0
9.2883196330868e-05,9.4260086044029e-05,3.9726991406887e-06,-1.8515772152162e-07,63.132631578947,63.132631578947,10.71,0
8.8506963652647e-05,8.5071001671637e-05,4.0084032073757e-06,-2.5302340225444e-07,63.293684210526,63.293684210526,10.71,0
8.4130730974426e-05,7.5881917299245e-05,4.0441072740628e-06,-3.2088908298727e-07,63.454736842105,63.454736842105,10.71,0
8.0145042082662e-05,6.6285872468681e-05,4.3740253655984e-06,-1.2788581399585e-09,63.615789473684,63.615789473684,10.71,0
7.6213595096011e-05,5.6633305651794e-05,4.7448062995904e-06,3.7214717951064e-07,63.776842105263,63.776842105263,10.71,0
7.2282148109358e-05,4.6980738834906e-05,5.1155872335825e-06,7.4557321716128e-07,63.937894736842,63.937894736842,10.71,0
6.8336463488422e-05,3.7297991531819e-05,5.4867864126069e-06,1.1185896140369e-06,64.098947368421,64.098947368421,10.71,0
6.4370111908667e-05,2.757143506402e-05,5.8585927046311e-06,1.4910113876163e-06,64.26,64.26,10.71,0
